column,text,sub_questions,type,selector,sub_selector,choices,notes
user_id,The ID of the respondent.,,,,,,
partner_id,The ID of the respondent's partner.,,,,,,
convo_id,The ID of the conversation.,,,,,,
date,The date of the survey.,,,,,,
survey_duration_in_seconds,Amount of time taken to complete the survey.,,,,,,
time_zone,What time zone are you currently located in?,none,multiple choice,single answer vertical,text box,"US/Hawaii, US/Alaska, US/Pacific, US/Mountain, US/Central, US/Eastern",
time_zone,What time zone are you currently located in?,none,multiple choice,single answer vertical,text box,"Hawaiian Time (GMT -10:00), Alaska Time (GMT -9:00), Pacific Time (GMT -8:00), Mountain Time (GMT -7:00), Central Time (GMT -6:00), Eastern Time (GMT -5:00)",
pre_affect,"To what extent do you feel positive feelings (e.g., good, pleasant, happy) or negative feelings (e.g., bad, unpleasant, unhappy) right now?",none,multiple choice,single answer horizontal,text box,"1 - Extremely negative, 2, 3, 4, 5, 6, 7, 8, 9 - Extremely positive",
pre_affect,"To what extent do you feel positive affect (e.g., good, pleasant, happy) or negative affect (e.g., bad, unpleasant, unhappy) right now?",none,multiple choice,single answer horizontal,text box,"1 - Extremely negative, 2, 3, 4, 5, 6, 7, 8, 9 - Extremely positive",
pre_arousal,"To what extent do you feel low energy (e.g., calm, relaxed) or high energy (e.g., awake, alert) right now?",none,multiple choice,single answer horizontal,text box,"1 - Extremely low, 2, 3, 4, 5, 6, 7, 8, 9 - Extremely high",
pre_arousal,"To what extent do you feel low arousal (e.g., sleepy, relaxed, low energy) or high arousal (e.g., awake, alert, high energy) right now?",none,multiple choice,single answer horizontal,text box,"1 - Extremely low, 2, 3, 4, 5, 6, 7, 8, 9 - Extremely high",
technical_quality,"How was the technical quality of your video chat? Any problems with audio, video, or connectivity? Note: If your partner didnt show up at all, please select ""Something went wrong and I never even started a video chat"" (In case you accidentally clicked the ""Next"" button before you were done with your chat, you can get back to your video chat here: ${e://Field/talk_url} .",none,multiple choice,single answer vertical,text box,"No issues, the quality was good, my partner showed up, and we had a chat for at least 25 minutes, Some issues, but still able to complete the chat, Significant issues that prevented me from completing the chat, Something went wrong and I never even started a video chat",
conv_length,"How many minutes did you speak with your partner? If your partner did not show up, enter the number of minutes you waited for them instead.",none,text entry,slider,none,none,
affect,"To what extent do you feel positive feelings (e.g., good, pleasant, happy) or negative feelings (e.g., bad, unpleasant, unhappy) right now?",none,multiple choice,single answer horizontal,text box,"1 - Extremely negative, 2, 3, 4, 5, 6, 7, 8, 9 - Extremely positive",
affect,"To what extent do you feel positive affect (e.g., good, pleasant, happy) or negative affect (e.g., bad, unpleasant, unhappy) right now?",none,multiple choice,single answer horizontal,text box,"1 - Extremely negative, 2, 3, 4, 5, 6, 7, 8, 9 - Extremely positive",
arousal,"To what extent do you feel low energy (e.g., calm, relaxed) or high energy (e.g., awake, alert) right now?",none,multiple choice,single answer horizontal,text box,"1 - Extremely low, 2, 3, 4, 5, 6, 7, 8, 9 - Extremely high",
overall_affect,"Overall during your conversation, to what extent did you feel positive feelings (e.g., good, pleasant, happy) or negative feelings (e.g., bad, unpleasant, unhappy)?",none,multiple choice,single answer horizontal,text box,"1 - Extremely negative, 2, 3, 4, 5, 6, 7, 8, 9 - Extremely positive",
overall_arousal,"Overall during your conversation, to what extent did you feel low energy (e.g., calm, relaxed) or high energy (e.g., awake, alert)?",none,multiple choice,single answer horizontal,text box,"1 - Extremely low, 2, 3, 4, 5, 6, 7, 8, 9 - Extremely high",
overall_memory_rating,How is your memory of the overall conversation?,none,multiple choice,single answer horizontal,text box,"1 - Extremely bad, 2, 3, 4, 5, 6, 7, 8, 9 - Extremely good",
begin_affect,"At the beginning of your conversation, to what extent did you feel positive feelings (e.g., good, pleasant, happy) or negative feelings (e.g., bad, unpleasant, unhappy)?",none,multiple choice,single answer horizontal,text box,"1 - Extremely negative, 2, 3, 4, 5, 6, 7, 8, 9 - Extremely positive",
begin_arousal,"At the beginning of your conversation, to what extent did you feel low energy (e.g., calm, relaxed) or high energy (e.g., awake, alert)?",none,multiple choice,single answer horizontal,text box,"1 - Extremely low, 2, 3, 4, 5, 6, 7, 8, 9 - Extremely high",
begin_memory_rating,How is your memory of the BEGINNING of the conversation?,none,multiple choice,single answer horizontal,text box,"1 - Extremely bad, 2, 3, 4, 5, 6, 7, 8, 9 - Extremely good",
begin_memory_text,Please describe what you and your conversation partner talked about at the BEGINNING of the conversation. Minimum: 25 words,none,text entry,text box,none,none,
middle_affect,"In the middle of your conversation, to what extent did you feel positive feelings (e.g., good, pleasant, happy) or negative feelings (e.g., bad, unpleasant, unhappy)?",none,multiple choice,single answer horizontal,text box,"1 - Extremely negative, 2, 3, 4, 5, 6, 7, 8, 9 - Extremely positive",
middle_arousal,"In the middle of your conversation, to what extent did you feel low energy (e.g., calm, relaxed) or high energy (e.g., awake, alert)?",none,multiple choice,single answer horizontal,text box,"1 - Extremely low, 2, 3, 4, 5, 6, 7, 8, 9 - Extremely high",
middle_memory_rating,How is your memory of the MIDDLE of the conversation?,none,multiple choice,single answer horizontal,text box,"1 - Extremely bad, 2, 3, 4, 5, 6, 7, 8, 9 - Extremely good",
middle_memory_text,Please describe what you and your conversation partner talked about in the MIDDLE of the conversation. Minimum: 25 words,none,text entry,text box,none,none,
end_affect,"Toward the end of your conversation, to what extent did you feel positive feelings (e.g., good, pleasant, happy) or negative feelings (e.g., bad, unpleasant, unhappy)?",none,multiple choice,single answer horizontal,text box,"1 - Extremely negative, 2, 3, 4, 5, 6, 7, 8, 9 - Extremely positive",
end_arousal,"Toward the end of your conversation, to what extent did you feel low energy (e.g., calm, relaxed) or high energy (e.g., awake, alert)?",none,multiple choice,single answer horizontal,text box,"1 - Extremely low, 2, 3, 4, 5, 6, 7, 8, 9 - Extremely high",
end_memory_rating,How strong is your memory of the END of the conversation?,none,multiple choice,single answer horizontal,text box,"1 - Extremely bad, 2, 3, 4, 5, 6, 7, 8, 9 - Extremely good",
end_memory_text,Please describe what you and your conversation talked about toward the END of the conversation. Minimum: 25 words,none,text entry,text box,none,none,
worst_affect,"At the worst moment of your conversation, to what extent did you feel positive feelings (e.g., good, pleasant, happy) or negative feelings (e.g., bad, unpleasant, unhappy)?",none,multiple choice,single answer horizontal,text box,"1 - Extremely negative, 2, 3, 4, 5, 6, 7, 8, 9 - Extremely positive",
worst_arousal,"At the worst moment of your conversation, to what extent did you feel low energy (e.g., calm, relaxed) or high energy (e.g., awake, alert)?",none,multiple choice,single answer horizontal,text box,"1 - Extremely low, 2, 3, 4, 5, 6, 7, 8, 9 - Extremely high",
best_affect,"At the best moment of your conversation, to what extent did you feel positive feelings (e.g., good, pleasant, happy) or negative feelings (e.g., bad, unpleasant, unhappy)?",none,multiple choice,single answer horizontal,text box,"1 - Extremely negative, 2, 3, 4, 5, 6, 7, 8, 9 - Extremely positive",
best_arousal,"At the best moment of your conversation, to what extent did you feel low energy (e.g., calm, relaxed) or high energy (e.g., awake, alert)?",none,multiple choice,single answer horizontal,text box,"1 - Extremely low, 2, 3, 4, 5, 6, 7, 8, 9 - Extremely high",
how_enjoyable,How enjoyable did you find the conversation?,none,multiple choice,single answer horizontal,text box,"1 - Not at all, 2, 3, 4, 5, 6, 7, 8, 9 - Extremely",
i_like_you,How much did you like your conversation partner?,none,multiple choice,single answer horizontal,text box,"1 - Not very much, 2, 3, 4, 5, 6, 7 - Very much",
you_like_me,How much do think your conversation partner liked you?,none,multiple choice,single answer horizontal,text box,"1 - Not very much, 2, 3, 4, 5, 6, 7 - Very much",
in_common,How much did you and your partner have in common with one another?,none,multiple choice,single answer horizontal,text box,"1 - Not much at all, 2, 3, 4, 5, 6, 7, 8, 9 - An extreme amount",
conversationalist,"Imagine you were to rank the last 100 people you had a conversation with according to how good of a conversationalist they are. ""0"" is the least good conversationalist youve talked to. ""50"" is right in the middle. ""100"" is the best conversationalist.Where would you rank the person that you just talked to on this scale? Please give this question some thought, and try to be as honest and precise as possible.",none,slider,horizontal slider,none,&nbsp;,
next_seven_days,"Imagine the next 7 days of your life. If you had the option, how many of those days would you like to have another conversation with the person you just talked to?",none,multiple choice,single answer horizontal,text box,"0, 1, 2, 3, 4, 5, 6, 7","Erratum: Response levels as noted in the ""choices"" column (Column G in this spreadsheet) are incorrectly recorded in the data download file. To correct the values, use the following schema: 
Recorded value -> True User choice
1 -> 0
2 -> 1
3 -> 2
4 -> 3
5 -> 4
6 -> 5
7 -> 6
11 -> 7
 "
my_friends_like_you,"Imagine a good friend of yours. Imagine further that your friend and the person you were just talking to had coffee with one another. How likely is it that they would become friends? ""0"" - Not at all likely ""50"" - Moderately likely ""100"" - Extremely likely",none,slider,horizontal slider,none,&nbsp;,
good_for_advice,"Imagine a good friend of yours needed advice on a personal matter . How likely would you be to recommend that they talk to the person that you just had a conversation with?""0"" - Not at all likely ""50"" - Moderately likely ""100"" - Extremely likely",none,slider,horizontal slider,none,&nbsp;,
i_felt_close_to_my_partner,Rate the extent to which you agree with the following statements:,"Overall, I felt close to my conversation partner., I would like to become friends with my conversation partner., Overall, I paid attention to my conversation partner., Overall, my conversation partner paid attention to me., I thought my conversation partner was clear and coherent when they talked.",matrix table,likert,single answer question,"Strongly disagree, Disagree, Somewhat disagree, Neither agree nor disagree, Somewhat agree, Agree, Strongly agree",
i_would_like_to_become_friends,Rate the extent to which you agree with the following statements:,"Overall, I felt close to my conversation partner., I would like to become friends with my conversation partner., Overall, I paid attention to my conversation partner., Overall, my conversation partner paid attention to me., I thought my conversation partner was clear and coherent when they talked.",matrix table,likert,single answer question,"Strongly disagree, Disagree, Somewhat disagree, Neither agree nor disagree, Somewhat agree, Agree, Strongly agree",
i_paid_attention_to_my_partner,Rate the extent to which you agree with the following statements:,"Overall, I felt close to my conversation partner., I would like to become friends with my conversation partner., Overall, I paid attention to my conversation partner., Overall, my conversation partner paid attention to me., I thought my conversation partner was clear and coherent when they talked.",matrix table,likert,single answer question,"Strongly disagree, Disagree, Somewhat disagree, Neither agree nor disagree, Somewhat agree, Agree, Strongly agree",
my_partner_paid_attention_to_me,Rate the extent to which you agree with the following statements:,"Overall, I felt close to my conversation partner., I would like to become friends with my conversation partner., Overall, I paid attention to my conversation partner., Overall, my conversation partner paid attention to me., I thought my conversation partner was clear and coherent when they talked.",matrix table,likert,single answer question,"Strongly disagree, Disagree, Somewhat disagree, Neither agree nor disagree, Somewhat agree, Agree, Strongly agree",
my_partner_was_clear_and_coherent,Rate the extent to which you agree with the following statements:,"Overall, I felt close to my conversation partner., I would like to become friends with my conversation partner., Overall, I paid attention to my conversation partner., Overall, my conversation partner paid attention to me., I thought my conversation partner was clear and coherent when they talked.",matrix table,likert,single answer question,"Strongly disagree, Disagree, Somewhat disagree, Neither agree nor disagree, Somewhat agree, Agree, Strongly agree",
interested_in_exchanging_contact_info,"If you had the opportunity to exchange contact information with your conversation partner so you can keep in touch with each other, would you be interested? Note that we will not and cannot release your contact information; we just want to gauge your interest if the opportunity arose.",none,multiple choice,single answer vertical,text box,"Yes, No",
you_are_intelligent,Evaluate your conversation partner on the following traits.,"Intelligent, Quick-witted, Competent",matrix table,likert,single answer question,"1 - Not at all, 2, 3, 4, 5, 6, 7, 8, 9 - Extremely",
you_are_quickwitted,Evaluate your conversation partner on the following traits.,"Intelligent, Quick-witted, Competent",matrix table,likert,single answer question,"1 - Not at all, 2, 3, 4, 5, 6, 7, 8, 9 - Extremely",
you_are_competent,Evaluate your conversation partner on the following traits.,"Intelligent, Quick-witted, Competent",matrix table,likert,single answer question,"1 - Not at all, 2, 3, 4, 5, 6, 7, 8, 9 - Extremely",
you_are_kind,Evaluate your conversation partner on the following traits.,"Kind, Friendly, Warm",matrix table,likert,single answer question,"1 - Not at all, 2, 3, 4, 5, 6, 7, 8, 9 - Extremely",
you_are_friendly,Evaluate your conversation partner on the following traits.,"Kind, Friendly, Warm",matrix table,likert,single answer question,"1 - Not at all, 2, 3, 4, 5, 6, 7, 8, 9 - Extremely",
you_are_warm,Evaluate your conversation partner on the following traits.,"Kind, Friendly, Warm",matrix table,likert,single answer question,"1 - Not at all, 2, 3, 4, 5, 6, 7, 8, 9 - Extremely",
you_think_i_am_intelligent,To what extent do you have each of the following traits?,"Intelligent, Quick-witted, Competent",matrix table,likert,single answer question,"1 - Not at all, 2, 3, 4, 5, 6, 7, 8, 9 - Extremely",
you_think_i_am_quickwitted,To what extent do you have each of the following traits?,"Intelligent, Quick-witted, Competent",matrix table,likert,single answer question,"1 - Not at all, 2, 3, 4, 5, 6, 7, 8, 9 - Extremely",
you_think_i_am_competent,To what extent do you have each of the following traits?,"Intelligent, Quick-witted, Competent",matrix table,likert,single answer question,"1 - Not at all, 2, 3, 4, 5, 6, 7, 8, 9 - Extremely",
you_think_i_am_kind,To what extent do you have each of the following traits?,"Kind, Friendly, Warm",matrix table,likert,single answer question,"1 - Not at all, 2, 3, 4, 5, 6, 7, 8, 9 - Extremely",
you_think_i_am_friendly,To what extent do you have each of the following traits?,"Kind, Friendly, Warm",matrix table,likert,single answer question,"1 - Not at all, 2, 3, 4, 5, 6, 7, 8, 9 - Extremely",
you_think_i_am_warm,To what extent do you have each of the following traits?,"Kind, Friendly, Warm",matrix table,likert,single answer question,"1 - Not at all, 2, 3, 4, 5, 6, 7, 8, 9 - Extremely",
you_are_humble,To what extent does your conversation partner have each of the following traits?,"Humble, Giving, Fair, Trustworthy, Agreeable, Playful",matrix table,likert,single answer question,"1-Not at all, 2, 3, 4, 5, 6, 7, 8, 9-Extremely",
you_are_giving,To what extent does your conversation partner have each of the following traits?,"Humble, Giving, Fair, Trustworthy, Agreeable, Playful",matrix table,likert,single answer question,"1-Not at all, 2, 3, 4, 5, 6, 7, 8, 9-Extremely",
you_are_fair,To what extent does your conversation partner have each of the following traits?,"Humble, Giving, Fair, Trustworthy, Agreeable, Playful",matrix table,likert,single answer question,"1-Not at all, 2, 3, 4, 5, 6, 7, 8, 9-Extremely",
you_are_trustworthy,To what extent does your conversation partner have each of the following traits?,"Humble, Giving, Fair, Trustworthy, Agreeable, Playful",matrix table,likert,single answer question,"1-Not at all, 2, 3, 4, 5, 6, 7, 8, 9-Extremely",
you_are_agreeable,To what extent does your conversation partner have each of the following traits?,"Humble, Giving, Fair, Trustworthy, Agreeable, Playful",matrix table,likert,single answer question,"1-Not at all, 2, 3, 4, 5, 6, 7, 8, 9-Extremely",
you_are_playful,To what extent does your conversation partner have each of the following traits?,"Humble, Giving, Fair, Trustworthy, Agreeable, Playful",matrix table,likert,single answer question,"1-Not at all, 2, 3, 4, 5, 6, 7, 8, 9-Extremely",
i_am_intelligent,How would you rate yourself on each of the following traits?,"Intelligent, Quick-witted, Competent, Kind, Friendly, Warm, Humble, Giving, Fair, Trustworthy, Agreeable, Playful",matrix table,likert,single answer question,"1-Not at all, 2, 3, 4, 5, 6, 7, 8, 9-Extremely",
i_am_quickwitted,How would you rate yourself on each of the following traits?,"Intelligent, Quick-witted, Competent, Kind, Friendly, Warm, Humble, Giving, Fair, Trustworthy, Agreeable, Playful",matrix table,likert,single answer question,"1-Not at all, 2, 3, 4, 5, 6, 7, 8, 9-Extremely",
i_am_competent,How would you rate yourself on each of the following traits?,"Intelligent, Quick-witted, Competent, Kind, Friendly, Warm, Humble, Giving, Fair, Trustworthy, Agreeable, Playful",matrix table,likert,single answer question,"1-Not at all, 2, 3, 4, 5, 6, 7, 8, 9-Extremely",
i_am_kind,How would you rate yourself on each of the following traits?,"Intelligent, Quick-witted, Competent, Kind, Friendly, Warm, Humble, Giving, Fair, Trustworthy, Agreeable, Playful",matrix table,likert,single answer question,"1-Not at all, 2, 3, 4, 5, 6, 7, 8, 9-Extremely",
i_am_friendly,How would you rate yourself on each of the following traits?,"Intelligent, Quick-witted, Competent, Kind, Friendly, Warm, Humble, Giving, Fair, Trustworthy, Agreeable, Playful",matrix table,likert,single answer question,"1-Not at all, 2, 3, 4, 5, 6, 7, 8, 9-Extremely",
i_am_warm,How would you rate yourself on each of the following traits?,"Intelligent, Quick-witted, Competent, Kind, Friendly, Warm, Humble, Giving, Fair, Trustworthy, Agreeable, Playful",matrix table,likert,single answer question,"1-Not at all, 2, 3, 4, 5, 6, 7, 8, 9-Extremely",
i_am_humble,How would you rate yourself on each of the following traits?,"Intelligent, Quick-witted, Competent, Kind, Friendly, Warm, Humble, Giving, Fair, Trustworthy, Agreeable, Playful",matrix table,likert,single answer question,"1-Not at all, 2, 3, 4, 5, 6, 7, 8, 9-Extremely",
i_am_giving,How would you rate yourself on each of the following traits?,"Intelligent, Quick-witted, Competent, Kind, Friendly, Warm, Humble, Giving, Fair, Trustworthy, Agreeable, Playful",matrix table,likert,single answer question,"1-Not at all, 2, 3, 4, 5, 6, 7, 8, 9-Extremely",
i_am_fair,How would you rate yourself on each of the following traits?,"Intelligent, Quick-witted, Competent, Kind, Friendly, Warm, Humble, Giving, Fair, Trustworthy, Agreeable, Playful",matrix table,likert,single answer question,"1-Not at all, 2, 3, 4, 5, 6, 7, 8, 9-Extremely",
i_am_trustworthy,How would you rate yourself on each of the following traits?,"Intelligent, Quick-witted, Competent, Kind, Friendly, Warm, Humble, Giving, Fair, Trustworthy, Agreeable, Playful",matrix table,likert,single answer question,"1-Not at all, 2, 3, 4, 5, 6, 7, 8, 9-Extremely",
i_am_agreeable,How would you rate yourself on each of the following traits?,"Intelligent, Quick-witted, Competent, Kind, Friendly, Warm, Humble, Giving, Fair, Trustworthy, Agreeable, Playful",matrix table,likert,single answer question,"1-Not at all, 2, 3, 4, 5, 6, 7, 8, 9-Extremely",
i_am_playful,How would you rate yourself on each of the following traits?,"Intelligent, Quick-witted, Competent, Kind, Friendly, Warm, Humble, Giving, Fair, Trustworthy, Agreeable, Playful",matrix table,likert,single answer question,"1-Not at all, 2, 3, 4, 5, 6, 7, 8, 9-Extremely",
rest_of_day_open,Think about the rest of your week. How do you see it going?,none,text entry,text box,none,none,
critical_positive,Please take a critical eye toward the conversation you just had. What worked well about the conversation?,none,text entry,text box,none,none,
critical_negative,"What didnt work as well? Focus specifically on the interaction between you and your conversation partner and not other factors (e.g., the video lagged).",none,text entry,text box,none,none,
smiles,"Who smiled more during the conversation, you or your partner?",none,multiple choice,single answer horizontal,text box,"1 - I smiled much more than my partner did, 2, 3, 4, 5 - We smiled the exact same amount, 6, 7, 8, 9 - My partner smiled more than I did",
laughter,"Who laughed more during the conversation, you or your partner?",none,multiple choice,single answer horizontal,text box,"1 - I laughed much more than my partner did, 2, 3, 4, 5 - We laughed the exact same amount, 6, 7, 8, 9 - My partner laughed more than I did",
questions,"Who asked more questions during the conversation, you or your partner?",none,multiple choice,single answer horizontal,text box,"1 - I asked many more questions than my partner did, 2, 3, 4, 5 - We asked the exact same amount of questions, 6, 7, 8, 9 - My partner asked more questions than I did",
nods,"Listeners often nod while speakers are talking in order to signal that they understand or approve of what is being said. Who nodded more during the conversation, you or your partner?",none,multiple choice,single answer horizontal,text box,"1 - I nodded more than my partner did, 2, 3, 4, 5 - We nodded the exact same amount, 6, 7, 8, 9 - My partner nodded much more than I did",
verbal_feedback,"Listeners often provide verbal feedback while speakers are talking (i.e., ""mm hmm,"" ""uh huh,"" ""yeah""). Who did this more during the conversation, you or your partner?",none,multiple choice,single answer horizontal,text box,"1 - I did this much more than my partner did, 2, 3, 4, 5 - We did this the exact same amount, 6, 7, 8, 9 - My partner did this much more than I did",
speak_quickly,"Who spoke more quickly during the conversation, you or your partner?",none,multiple choice,single answer horizontal,text box,"1 - I spoke much more quickly than my partner did, 2, 3, 4, 5 - We spoke at the exact same speed, 6, 7, 8, 9 - My partner spoke much more quickly than I did",
my_turn_length,"Conversations consist of people taking turns . Some turns are too short (e.g., one person stops speaking when the other person isnt ready to talk yet). Some turns are more or less the right length. And other turns are too long (e.g., one person talks too long while the other person is waiting). When you were the speaker, how long were your turns?",none,multiple choice,single answer horizontal,text box,"1 - Way too short, 2, 3, 4, 5 - The right length, 6, 7, 8, 9 - Way too long",
your_turn_length,How long were your partners turns?,none,multiple choice,single answer horizontal,text box,"1 - Way too short, 2, 3, 4, 5 - The right length, 6, 7, 8, 9 - Way too long",
topic_diversity,"As people have conversations, they discuss topics. Some conversations cover many topics. Others conversations stick mainly to a limited number of topics. What was your feeling about the amount of topics your conversation covered?",none,multiple choice,single answer horizontal,text box,"1 - We discussed way too few topics, 2, 3, 4, 5 - We discussed the right amount of topics, 6, 7, 8, 9 - We discussed way too many topics",
turn_overlap_gap,"When people take turns in conversation, there are different ways to switch speakers. Sometimes listeners jump in and overlap with the current speaker. Sometimes listeners let the speaker completely finish speaking and there is a gap between when the old speaker stops and the new speaker starts. And sometimes the transition feels seamless. What was your feeling about how you and your partner took turns?",none,multiple choice,single answer horizontal,text box,"1 - Way too much overlap, 2, 3, 4, 5 - Felt just right, 6, 7, 8, 9 - Way too many gaps",
turn_overlap_gap,"When people take turns in conversation, there are different ways to switch speakers. Sometimes listeners jump in and overlap with the current speaker. Sometimes listeners let the speaker completely finish speaking and there is a gap between when the old speaker stops and the new speaker starts. And sometimes the transition feels seamless. What was your feeling about how you and your partner took turns?",none,multiple choice,single answer horizontal,text box,"1 - Way too much overlap, 2, 3, 4, 5 - Felt just right, 6, 7, 8, 9 - Way too many gaps",
i_disclosed,How much did you self-disclose to your conversation partner?,none,multiple choice,single answer horizontal,text box,"1 - Not at all, 2, 3, 4, 5, 6, 7, 8, 9 - Very much",
you_disclosed,How much did your conversation partner self-disclose to you?,none,multiple choice,single answer horizontal,text box,"1 - Not at all, 2, 3, 4, 5, 6, 7, 8, 9 - Very much",
i_am_good_listener,I was a good listener.,none,multiple choice,single answer horizontal,text box,"Very Strongly Disagree, Strongly Disagree, Disagree, Somewhat Disagree, Neither Agree Nor Disagree, Somewhat Agree, Agree, Strongly Agree, Very Strongly Agree",
you_are_good_listener,My partner was a good listener.,none,multiple choice,single answer horizontal,text box,"Very Strongly Disagree, Strongly Disagree, Disagree, Somewhat Disagree, Neither Agree Nor Disagree, Somewhat Agree, Agree, Strongly Agree, Very Strongly Agree",
conv_leader,"Sometimes in conversations, one person ""leads"" the conversation more than the other. By ""lead"" we mean they keep the conversation going, introduce new topics, and decide where the conversation goes. In the conversation you just had, how much did each person ""lead""?",none,multiple choice,single answer horizontal,text box,"1 - I led much more than my partner did, 2, 3, 4, 5 - We led the exact same amount, 6, 7, 8, 9 - My partner led much more than I did",
talk_time_100_1,How much do you think each person talked during the conversation (as a percentage of the total conversation time)? Your answers must add up to 100%.,none,constant sum,number entry,text box,"Me, My conversation partner",
you_total_talk_time,How much do you think each person talked during the conversation (as a percentage of the total conversation time)? Your answers must add up to 100%.,none,constant sum,number entry,text box,"Me, My conversation partner",
conv_pace,"Conversations can have different paces, from very slow to very fast. How did the pace of the conversation feel to you?",none,multiple choice,single answer horizontal,text box,"1 - Much Too Slow, 2, 3, 4, 5 - Just Right, 6, 7, 8, 9 - Much Too Fast",
my_mind_wander,"During your conversation, how much did your mind wander from what your conversation partner was saying?",none,multiple choice,single answer horizontal,text box,"1 - Not at all<br />, 2, 3, 4, 5, 6, 7, 8, 9 - Very much <br />",
your_mind_wander,"During your conversation, how much do you think your conversation partners mind wandered from what you were saying?",none,multiple choice,single answer horizontal,text box,"1 - Not at all<br />, 2, 3, 4, 5, 6, 7, 8, 9 - Very much<br />",
i_am_funny,How funny were you in the conversation you just had?,none,multiple choice,single answer horizontal,text box,"1-Not at all, 2, 3, 4, 5, 6, 7, 8, 9-Extremely",
you_are_funny,How funny was your conversation partner?,none,multiple choice,single answer horizontal,text box,"1-Not at all, 2, 3, 4, 5, 6, 7, 8, 9-Extremely",
i_am_polite,How polite were you during the conversation?,none,multiple choice,single answer horizontal,text box,"1 - Not at all, 2, 3, 4, 5, 6, 7, 8, 9 - Extremely",
you_are_polite,How polite was your conversation partner?,none,multiple choice,single answer horizontal,text box,"1 - Not at all, 2, 3, 4, 5, 6, 7, 8, 9 - Extremely",
i_tried_to_impress,I was trying to impress my conversation partner.,none,multiple choice,single answer horizontal,text box,"Very Strongly Disagree, Strongly Disagree, Disagree, Somewhat Disagree, Neither Agree Nor Disagree, Somewhat Agree, Agree, Strongly Agree, Very Strongly Agree",
you_tried_to_impress,My conversation partner was trying to impress me.,none,multiple choice,single answer horizontal,text box,"Very Strongly Disagree, Strongly Disagree, Disagree, Somewhat Disagree, Neither Agree Nor Disagree, Somewhat Agree, Agree, Strongly Agree, Very Strongly Agree",
responsive_1,My conversation partner understood me.,none,multiple choice,single answer horizontal,text box,"Strongly disagree, Disagree, Somewhat disagree, Neither agree nor disagree, Somewhat agree, Agree, Strongly agree",
responsive_2,My conversation partner valued my abilities and opinions.,none,multiple choice,single answer horizontal,text box,"Strongly disagree, Disagree, Somewhat disagree, Neither agree nor disagree, Somewhat agree, Agree, Strongly agree",
responsive_3,My conversation partner really listened to me.,none,multiple choice,single answer horizontal,text box,"Strongly disagree, Disagree, Somewhat disagree, Neither agree nor disagree, Somewhat agree, Agree, Strongly agree",
end_you,Was there any point during the conversation (before time was called) at which you felt ready for the conversation to end?,none,multiple choice,single answer vertical,text box,"Yes, No",
end_you_time_1,About how many minutes into the conversation were you ready for it to end?,none,slider,horizontal slider,none,,
longer_self,Did you want the conversation to continue for longer?,none,multiple choice,single answer vertical,text box,"Yes, No",
how_long_you,How much longer would you have liked the conversation to continue?,none,multiple choice,single answer horizontal,text box,"About 5 minutes longer, About 10 minutes longer, About 15 minutes longer, About 30 minutes longer, About 60 minutes longer, More than 60 minutes longer",
end_other,Was there any point during the conversation at which you think your partner felt ready for the conversation to end?,none,multiple choice,single answer vertical,text box,"Yes, No",
end_other_time_1,About how many minutes into the conversation do you think your partner was ready for it to end?,none,slider,horizontal slider,none,1 min,
longer_other,Do you think your partner wanted the conversation to continue for longer?,none,multiple choice,single answer vertical,text box,"Yes, No",
how_long_other,How much longer do you think your partner would have liked to continue the conversation?,none,multiple choice,single answer horizontal,text box,"About 5 minutes longer, About 10 minutes longer, About 15 minutes longer, About 30 minutes longer, About 60 minutes longer, More than 60 minutes longer",
our_thoughts_synced_up_sr1,Please rate your agreement with the following statements about you and your conversation partner: During our interaction....,"We thought of things at the exact same time., We developed a joint perspective., We shared the same thoughts and feelings about things., The things we discussed felt very real., The way we thought became more similar., We often anticipated what the other was about to say., We became more certain of the way we perceived things., We saw the world in the same way.",matrix table,likert,single answer question,"1 - Strongly disagree, 2, 3, 4, 5, 6, 7 - Strongly agree",
developed_joint_perspective_sr2,Please rate your agreement with the following statements about you and your conversation partner: During our interaction....,"We thought of things at the exact same time., We developed a joint perspective., We shared the same thoughts and feelings about things., The things we discussed felt very real., The way we thought became more similar., We often anticipated what the other was about to say., We became more certain of the way we perceived things., We saw the world in the same way.",matrix table,likert,single answer question,"1 - Strongly disagree, 2, 3, 4, 5, 6, 7 - Strongly agree",
shared_thoughts_feels_sr3,Please rate your agreement with the following statements about you and your conversation partner: During our interaction....,"We thought of things at the exact same time., We developed a joint perspective., We shared the same thoughts and feelings about things., The things we discussed felt very real., The way we thought became more similar., We often anticipated what the other was about to say., We became more certain of the way we perceived things., We saw the world in the same way.",matrix table,likert,single answer question,"1 - Strongly disagree, 2, 3, 4, 5, 6, 7 - Strongly agree",
discussed_real_things_sr4,Please rate your agreement with the following statements about you and your conversation partner: During our interaction....,"We thought of things at the exact same time., We developed a joint perspective., We shared the same thoughts and feelings about things., The things we discussed felt very real., The way we thought became more similar., We often anticipated what the other was about to say., We became more certain of the way we perceived things., We saw the world in the same way.",matrix table,likert,single answer question,"1 - Strongly disagree, 2, 3, 4, 5, 6, 7 - Strongly agree",
thoughts_became_more_alike_sr5,Please rate your agreement with the following statements about you and your conversation partner: During our interaction....,"We thought of things at the exact same time., We developed a joint perspective., We shared the same thoughts and feelings about things., The things we discussed felt very real., The way we thought became more similar., We often anticipated what the other was about to say., We became more certain of the way we perceived things., We saw the world in the same way.",matrix table,likert,single answer question,"1 - Strongly disagree, 2, 3, 4, 5, 6, 7 - Strongly agree",
anticipated_each_other_sr6,Please rate your agreement with the following statements about you and your conversation partner: During our interaction....,"We thought of things at the exact same time., We developed a joint perspective., We shared the same thoughts and feelings about things., The things we discussed felt very real., The way we thought became more similar., We often anticipated what the other was about to say., We became more certain of the way we perceived things., We saw the world in the same way.",matrix table,likert,single answer question,"1 - Strongly disagree, 2, 3, 4, 5, 6, 7 - Strongly agree",
became_certain_of_perception_sr7,Please rate your agreement with the following statements about you and your conversation partner: During our interaction....,"We thought of things at the exact same time., We developed a joint perspective., We shared the same thoughts and feelings about things., The things we discussed felt very real., The way we thought became more similar., We often anticipated what the other was about to say., We became more certain of the way we perceived things., We saw the world in the same way.",matrix table,likert,single answer question,"1 - Strongly disagree, 2, 3, 4, 5, 6, 7 - Strongly agree",
saw_world_in_same_way_sr8,Please rate your agreement with the following statements about you and your conversation partner: During our interaction....,"We thought of things at the exact same time., We developed a joint perspective., We shared the same thoughts and feelings about things., The things we discussed felt very real., The way we thought became more similar., We often anticipated what the other was about to say., We became more certain of the way we perceived things., We saw the world in the same way.",matrix table,likert,single answer question,"1 - Strongly disagree, 2, 3, 4, 5, 6, 7 - Strongly agree",
i_think_my_status,"Think of this ladder as representing peoples social status. At the top of the ladder are the people who have the highest status. At the bottom are the people who have the lowest status. The higher up you are on this ladder, the closer you are to the people at the very top; the lower you are, the closer you are to the people at the bottom. Respond to the following question using the options below, in which the bottom rung is ""1"" and the top rung is ""10."" Where would you place yourself on this ladder?",none,multiple choice,single answer vertical,text box,"10, 9, 8, 7, 6, 5, 4, 3, 2, 1",
i_think_your_status,Where would you place your conversation partner on this ladder?,none,multiple choice,single answer vertical,text box,"10, 9, 8, 7, 6, 5, 4, 3, 2, 1",
you_think_my_status,Where do you think your conversation partner would place you on this ladder?,none,multiple choice,single answer vertical,text box,"10, 9, 8, 7, 6, 5, 4, 3, 2, 1",
my_bfi_1,I am someone who...,"tends to be quiet, is compassionate, has a soft heart, tends to be disorganized, worries a lot, is fascinated by art, music, or literature, is dominant, acts as a leader, is sometimes rude to others, has difficulty getting started on tasks, tends to feel depressed, blue, has little interest in abstract ideas, is full of energy, assumes the best about people, is reliable, can always be counted on, is emotionally stable, not easily upset, is original, comes up with new ideas",matrix table,likert,single answer question,"1 - Disagree strongly, 2 - Disagree a little, 3 - Neutral; no opinion, 4 - Agree a little, 5 - Agree strongly",
my_bfi_2,I am someone who...,"tends to be quiet, is compassionate, has a soft heart, tends to be disorganized, worries a lot, is fascinated by art, music, or literature, is dominant, acts as a leader, is sometimes rude to others, has difficulty getting started on tasks, tends to feel depressed, blue, has little interest in abstract ideas, is full of energy, assumes the best about people, is reliable, can always be counted on, is emotionally stable, not easily upset, is original, comes up with new ideas",matrix table,likert,single answer question,"1 - Disagree strongly, 2 - Disagree a little, 3 - Neutral; no opinion, 4 - Agree a little, 5 - Agree strongly",
my_bfi_3,I am someone who...,"tends to be quiet, is compassionate, has a soft heart, tends to be disorganized, worries a lot, is fascinated by art, music, or literature, is dominant, acts as a leader, is sometimes rude to others, has difficulty getting started on tasks, tends to feel depressed, blue, has little interest in abstract ideas, is full of energy, assumes the best about people, is reliable, can always be counted on, is emotionally stable, not easily upset, is original, comes up with new ideas",matrix table,likert,single answer question,"1 - Disagree strongly, 2 - Disagree a little, 3 - Neutral; no opinion, 4 - Agree a little, 5 - Agree strongly",
my_bfi_4,I am someone who...,"tends to be quiet, is compassionate, has a soft heart, tends to be disorganized, worries a lot, is fascinated by art, music, or literature, is dominant, acts as a leader, is sometimes rude to others, has difficulty getting started on tasks, tends to feel depressed, blue, has little interest in abstract ideas, is full of energy, assumes the best about people, is reliable, can always be counted on, is emotionally stable, not easily upset, is original, comes up with new ideas",matrix table,likert,single answer question,"1 - Disagree strongly, 2 - Disagree a little, 3 - Neutral; no opinion, 4 - Agree a little, 5 - Agree strongly",
my_bfi_5,I am someone who...,"tends to be quiet, is compassionate, has a soft heart, tends to be disorganized, worries a lot, is fascinated by art, music, or literature, is dominant, acts as a leader, is sometimes rude to others, has difficulty getting started on tasks, tends to feel depressed, blue, has little interest in abstract ideas, is full of energy, assumes the best about people, is reliable, can always be counted on, is emotionally stable, not easily upset, is original, comes up with new ideas",matrix table,likert,single answer question,"1 - Disagree strongly, 2 - Disagree a little, 3 - Neutral; no opinion, 4 - Agree a little, 5 - Agree strongly",
my_bfi_6,I am someone who...,"tends to be quiet, is compassionate, has a soft heart, tends to be disorganized, worries a lot, is fascinated by art, music, or literature, is dominant, acts as a leader, is sometimes rude to others, has difficulty getting started on tasks, tends to feel depressed, blue, has little interest in abstract ideas, is full of energy, assumes the best about people, is reliable, can always be counted on, is emotionally stable, not easily upset, is original, comes up with new ideas",matrix table,likert,single answer question,"1 - Disagree strongly, 2 - Disagree a little, 3 - Neutral; no opinion, 4 - Agree a little, 5 - Agree strongly",
my_bfi_7,I am someone who...,"tends to be quiet, is compassionate, has a soft heart, tends to be disorganized, worries a lot, is fascinated by art, music, or literature, is dominant, acts as a leader, is sometimes rude to others, has difficulty getting started on tasks, tends to feel depressed, blue, has little interest in abstract ideas, is full of energy, assumes the best about people, is reliable, can always be counted on, is emotionally stable, not easily upset, is original, comes up with new ideas",matrix table,likert,single answer question,"1 - Disagree strongly, 2 - Disagree a little, 3 - Neutral; no opinion, 4 - Agree a little, 5 - Agree strongly",
my_bfi_8,I am someone who...,"tends to be quiet, is compassionate, has a soft heart, tends to be disorganized, worries a lot, is fascinated by art, music, or literature, is dominant, acts as a leader, is sometimes rude to others, has difficulty getting started on tasks, tends to feel depressed, blue, has little interest in abstract ideas, is full of energy, assumes the best about people, is reliable, can always be counted on, is emotionally stable, not easily upset, is original, comes up with new ideas",matrix table,likert,single answer question,"1 - Disagree strongly, 2 - Disagree a little, 3 - Neutral; no opinion, 4 - Agree a little, 5 - Agree strongly",
my_bfi_9,I am someone who...,"tends to be quiet, is compassionate, has a soft heart, tends to be disorganized, worries a lot, is fascinated by art, music, or literature, is dominant, acts as a leader, is sometimes rude to others, has difficulty getting started on tasks, tends to feel depressed, blue, has little interest in abstract ideas, is full of energy, assumes the best about people, is reliable, can always be counted on, is emotionally stable, not easily upset, is original, comes up with new ideas",matrix table,likert,single answer question,"1 - Disagree strongly, 2 - Disagree a little, 3 - Neutral; no opinion, 4 - Agree a little, 5 - Agree strongly",
my_bfi_10,I am someone who...,"tends to be quiet, is compassionate, has a soft heart, tends to be disorganized, worries a lot, is fascinated by art, music, or literature, is dominant, acts as a leader, is sometimes rude to others, has difficulty getting started on tasks, tends to feel depressed, blue, has little interest in abstract ideas, is full of energy, assumes the best about people, is reliable, can always be counted on, is emotionally stable, not easily upset, is original, comes up with new ideas",matrix table,likert,single answer question,"1 - Disagree strongly, 2 - Disagree a little, 3 - Neutral; no opinion, 4 - Agree a little, 5 - Agree strongly",
my_bfi_11,I am someone who...,"tends to be quiet, is compassionate, has a soft heart, tends to be disorganized, worries a lot, is fascinated by art, music, or literature, is dominant, acts as a leader, is sometimes rude to others, has difficulty getting started on tasks, tends to feel depressed, blue, has little interest in abstract ideas, is full of energy, assumes the best about people, is reliable, can always be counted on, is emotionally stable, not easily upset, is original, comes up with new ideas",matrix table,likert,single answer question,"1 - Disagree strongly, 2 - Disagree a little, 3 - Neutral; no opinion, 4 - Agree a little, 5 - Agree strongly",
my_bfi_12,I am someone who...,"tends to be quiet, is compassionate, has a soft heart, tends to be disorganized, worries a lot, is fascinated by art, music, or literature, is dominant, acts as a leader, is sometimes rude to others, has difficulty getting started on tasks, tends to feel depressed, blue, has little interest in abstract ideas, is full of energy, assumes the best about people, is reliable, can always be counted on, is emotionally stable, not easily upset, is original, comes up with new ideas",matrix table,likert,single answer question,"1 - Disagree strongly, 2 - Disagree a little, 3 - Neutral; no opinion, 4 - Agree a little, 5 - Agree strongly",
my_bfi_13,I am someone who...,"tends to be quiet, is compassionate, has a soft heart, tends to be disorganized, worries a lot, is fascinated by art, music, or literature, is dominant, acts as a leader, is sometimes rude to others, has difficulty getting started on tasks, tends to feel depressed, blue, has little interest in abstract ideas, is full of energy, assumes the best about people, is reliable, can always be counted on, is emotionally stable, not easily upset, is original, comes up with new ideas",matrix table,likert,single answer question,"1 - Disagree strongly, 2 - Disagree a little, 3 - Neutral; no opinion, 4 - Agree a little, 5 - Agree strongly",
my_bfi_14,I am someone who...,"tends to be quiet, is compassionate, has a soft heart, tends to be disorganized, worries a lot, is fascinated by art, music, or literature, is dominant, acts as a leader, is sometimes rude to others, has difficulty getting started on tasks, tends to feel depressed, blue, has little interest in abstract ideas, is full of energy, assumes the best about people, is reliable, can always be counted on, is emotionally stable, not easily upset, is original, comes up with new ideas",matrix table,likert,single answer question,"1 - Disagree strongly, 2 - Disagree a little, 3 - Neutral; no opinion, 4 - Agree a little, 5 - Agree strongly",
my_bfi_15,I am someone who...,"tends to be quiet, is compassionate, has a soft heart, tends to be disorganized, worries a lot, is fascinated by art, music, or literature, is dominant, acts as a leader, is sometimes rude to others, has difficulty getting started on tasks, tends to feel depressed, blue, has little interest in abstract ideas, is full of energy, assumes the best about people, is reliable, can always be counted on, is emotionally stable, not easily upset, is original, comes up with new ideas",matrix table,likert,single answer question,"1 - Disagree strongly, 2 - Disagree a little, 3 - Neutral; no opinion, 4 - Agree a little, 5 - Agree strongly",
your_bfi_1,"Now, please tell us where you think your conversation partner falls on these items. My conversation partner is...","tends to be quiet, is compassionate, has a soft heart, tends to be disorganized, worries a lot, is fascinated by art, music, or literature, is dominant, acts as a leader, is sometimes rude to others, has difficulty getting started on tasks, tends to feel depressed, blue, has little interest in abstract ideas, is full of energy, assumes the best about people, is reliable, can always be counted on, is emotionally stable, not easily upset, is original, comes up with new ideas",matrix table,likert,single answer question,"1 - Disagree strongly, 2 - Disagree a little, 3 - Neutral; no opinion, 4 - Agree a little, 5 - Agree strongly",
your_bfi_2,"Now, please tell us where you think your conversation partner falls on these items. My conversation partner is...","tends to be quiet, is compassionate, has a soft heart, tends to be disorganized, worries a lot, is fascinated by art, music, or literature, is dominant, acts as a leader, is sometimes rude to others, has difficulty getting started on tasks, tends to feel depressed, blue, has little interest in abstract ideas, is full of energy, assumes the best about people, is reliable, can always be counted on, is emotionally stable, not easily upset, is original, comes up with new ideas",matrix table,likert,single answer question,"1 - Disagree strongly, 2 - Disagree a little, 3 - Neutral; no opinion, 4 - Agree a little, 5 - Agree strongly",
your_bfi_3,"Now, please tell us where you think your conversation partner falls on these items. My conversation partner is...","tends to be quiet, is compassionate, has a soft heart, tends to be disorganized, worries a lot, is fascinated by art, music, or literature, is dominant, acts as a leader, is sometimes rude to others, has difficulty getting started on tasks, tends to feel depressed, blue, has little interest in abstract ideas, is full of energy, assumes the best about people, is reliable, can always be counted on, is emotionally stable, not easily upset, is original, comes up with new ideas",matrix table,likert,single answer question,"1 - Disagree strongly, 2 - Disagree a little, 3 - Neutral; no opinion, 4 - Agree a little, 5 - Agree strongly",
your_bfi_4,"Now, please tell us where you think your conversation partner falls on these items. My conversation partner is...","tends to be quiet, is compassionate, has a soft heart, tends to be disorganized, worries a lot, is fascinated by art, music, or literature, is dominant, acts as a leader, is sometimes rude to others, has difficulty getting started on tasks, tends to feel depressed, blue, has little interest in abstract ideas, is full of energy, assumes the best about people, is reliable, can always be counted on, is emotionally stable, not easily upset, is original, comes up with new ideas",matrix table,likert,single answer question,"1 - Disagree strongly, 2 - Disagree a little, 3 - Neutral; no opinion, 4 - Agree a little, 5 - Agree strongly",
your_bfi_5,"Now, please tell us where you think your conversation partner falls on these items. My conversation partner is...","tends to be quiet, is compassionate, has a soft heart, tends to be disorganized, worries a lot, is fascinated by art, music, or literature, is dominant, acts as a leader, is sometimes rude to others, has difficulty getting started on tasks, tends to feel depressed, blue, has little interest in abstract ideas, is full of energy, assumes the best about people, is reliable, can always be counted on, is emotionally stable, not easily upset, is original, comes up with new ideas",matrix table,likert,single answer question,"1 - Disagree strongly, 2 - Disagree a little, 3 - Neutral; no opinion, 4 - Agree a little, 5 - Agree strongly",
your_bfi_6,"Now, please tell us where you think your conversation partner falls on these items. My conversation partner is...","tends to be quiet, is compassionate, has a soft heart, tends to be disorganized, worries a lot, is fascinated by art, music, or literature, is dominant, acts as a leader, is sometimes rude to others, has difficulty getting started on tasks, tends to feel depressed, blue, has little interest in abstract ideas, is full of energy, assumes the best about people, is reliable, can always be counted on, is emotionally stable, not easily upset, is original, comes up with new ideas",matrix table,likert,single answer question,"1 - Disagree strongly, 2 - Disagree a little, 3 - Neutral; no opinion, 4 - Agree a little, 5 - Agree strongly",
your_bfi_7,"Now, please tell us where you think your conversation partner falls on these items. My conversation partner is...","tends to be quiet, is compassionate, has a soft heart, tends to be disorganized, worries a lot, is fascinated by art, music, or literature, is dominant, acts as a leader, is sometimes rude to others, has difficulty getting started on tasks, tends to feel depressed, blue, has little interest in abstract ideas, is full of energy, assumes the best about people, is reliable, can always be counted on, is emotionally stable, not easily upset, is original, comes up with new ideas",matrix table,likert,single answer question,"1 - Disagree strongly, 2 - Disagree a little, 3 - Neutral; no opinion, 4 - Agree a little, 5 - Agree strongly",
your_bfi_8,"Now, please tell us where you think your conversation partner falls on these items. My conversation partner is...","tends to be quiet, is compassionate, has a soft heart, tends to be disorganized, worries a lot, is fascinated by art, music, or literature, is dominant, acts as a leader, is sometimes rude to others, has difficulty getting started on tasks, tends to feel depressed, blue, has little interest in abstract ideas, is full of energy, assumes the best about people, is reliable, can always be counted on, is emotionally stable, not easily upset, is original, comes up with new ideas",matrix table,likert,single answer question,"1 - Disagree strongly, 2 - Disagree a little, 3 - Neutral; no opinion, 4 - Agree a little, 5 - Agree strongly",
your_bfi_9,"Now, please tell us where you think your conversation partner falls on these items. My conversation partner is...","tends to be quiet, is compassionate, has a soft heart, tends to be disorganized, worries a lot, is fascinated by art, music, or literature, is dominant, acts as a leader, is sometimes rude to others, has difficulty getting started on tasks, tends to feel depressed, blue, has little interest in abstract ideas, is full of energy, assumes the best about people, is reliable, can always be counted on, is emotionally stable, not easily upset, is original, comes up with new ideas",matrix table,likert,single answer question,"1 - Disagree strongly, 2 - Disagree a little, 3 - Neutral; no opinion, 4 - Agree a little, 5 - Agree strongly",
your_bfi_10,"Now, please tell us where you think your conversation partner falls on these items. My conversation partner is...","tends to be quiet, is compassionate, has a soft heart, tends to be disorganized, worries a lot, is fascinated by art, music, or literature, is dominant, acts as a leader, is sometimes rude to others, has difficulty getting started on tasks, tends to feel depressed, blue, has little interest in abstract ideas, is full of energy, assumes the best about people, is reliable, can always be counted on, is emotionally stable, not easily upset, is original, comes up with new ideas",matrix table,likert,single answer question,"1 - Disagree strongly, 2 - Disagree a little, 3 - Neutral; no opinion, 4 - Agree a little, 5 - Agree strongly",
your_bfi_11,"Now, please tell us where you think your conversation partner falls on these items. My conversation partner is...","tends to be quiet, is compassionate, has a soft heart, tends to be disorganized, worries a lot, is fascinated by art, music, or literature, is dominant, acts as a leader, is sometimes rude to others, has difficulty getting started on tasks, tends to feel depressed, blue, has little interest in abstract ideas, is full of energy, assumes the best about people, is reliable, can always be counted on, is emotionally stable, not easily upset, is original, comes up with new ideas",matrix table,likert,single answer question,"1 - Disagree strongly, 2 - Disagree a little, 3 - Neutral; no opinion, 4 - Agree a little, 5 - Agree strongly",
your_bfi_12,"Now, please tell us where you think your conversation partner falls on these items. My conversation partner is...","tends to be quiet, is compassionate, has a soft heart, tends to be disorganized, worries a lot, is fascinated by art, music, or literature, is dominant, acts as a leader, is sometimes rude to others, has difficulty getting started on tasks, tends to feel depressed, blue, has little interest in abstract ideas, is full of energy, assumes the best about people, is reliable, can always be counted on, is emotionally stable, not easily upset, is original, comes up with new ideas",matrix table,likert,single answer question,"1 - Disagree strongly, 2 - Disagree a little, 3 - Neutral; no opinion, 4 - Agree a little, 5 - Agree strongly",
your_bfi_13,"Now, please tell us where you think your conversation partner falls on these items. My conversation partner is...","tends to be quiet, is compassionate, has a soft heart, tends to be disorganized, worries a lot, is fascinated by art, music, or literature, is dominant, acts as a leader, is sometimes rude to others, has difficulty getting started on tasks, tends to feel depressed, blue, has little interest in abstract ideas, is full of energy, assumes the best about people, is reliable, can always be counted on, is emotionally stable, not easily upset, is original, comes up with new ideas",matrix table,likert,single answer question,"1 - Disagree strongly, 2 - Disagree a little, 3 - Neutral; no opinion, 4 - Agree a little, 5 - Agree strongly",
your_bfi_14,"Now, please tell us where you think your conversation partner falls on these items. My conversation partner is...","tends to be quiet, is compassionate, has a soft heart, tends to be disorganized, worries a lot, is fascinated by art, music, or literature, is dominant, acts as a leader, is sometimes rude to others, has difficulty getting started on tasks, tends to feel depressed, blue, has little interest in abstract ideas, is full of energy, assumes the best about people, is reliable, can always be counted on, is emotionally stable, not easily upset, is original, comes up with new ideas",matrix table,likert,single answer question,"1 - Disagree strongly, 2 - Disagree a little, 3 - Neutral; no opinion, 4 - Agree a little, 5 - Agree strongly",
your_bfi_15,"Now, please tell us where you think your conversation partner falls on these items. My conversation partner is...","tends to be quiet, is compassionate, has a soft heart, tends to be disorganized, worries a lot, is fascinated by art, music, or literature, is dominant, acts as a leader, is sometimes rude to others, has difficulty getting started on tasks, tends to feel depressed, blue, has little interest in abstract ideas, is full of energy, assumes the best about people, is reliable, can always be counted on, is emotionally stable, not easily upset, is original, comes up with new ideas",matrix table,likert,single answer question,"1 - Disagree strongly, 2 - Disagree a little, 3 - Neutral; no opinion, 4 - Agree a little, 5 - Agree strongly",
you_lack_companionship,How often do you guess that your conversation partner lacks companionship in everyday life?,none,multiple choice,single answer vertical,text box,"Hardly ever, Some of the time, Often",
you_feel_left_out,How o ften do you guess that your conversation partner feels left out in everyday life?,none,multiple choice,single answer vertical,text box,"Hardly ever, Some of the time, Often",
you_feel_isolated,How often do you guess that your conversation partner feels isolated from others in everyday life?,none,multiple choice,single answer vertical,text box,"Hardly ever, Some of the time, Often",
sex,What is your gender?,none,multiple choice,single answer vertical,text box,"Male, Female, Other, Prefer not to answer",
politics,What political persuasion do you most identify with?,none,multiple choice,single answer vertical,text box,"Very Conservative, Conservative, Centrist/Neutral, Liberal, Very Liberal",
race,What is your race/ethnicity?,none,multiple choice,single answer vertical,text box,"American Indian or Alaska Native, Asian, Black or African-American, Hispanic or Latino Origin, Hawaiian or Pacific Islander, White, Other, More than 1 of the above, Prefer not to answer",
edu,What is the highest level of school you have completed or the highest degree you have received?,none,multiple choice,single answer vertical,text box,"some_high, high, some_college, associate, bachelors, masters, pro_degree, doctoral",
employ,What is your current employment situation?,none,multiple choice,single answer vertical,text box,"employed, unemployed, temp_leave, disabled, retired, homemaker, other",
employ_7_TEXT,What is your current employment situation?,none,multiple choice,single answer vertical,text box,"employed, unemployed, temp_leave, disabled, retired, homemaker, other",
sleep_today,How many hours of sleep have you gotten in the past 24 hours?,none,text entry,slider,none,none,
sleep_usual,"How many hours of sleep do you normally get per night, on average?",none,text entry,slider,none,none,
know_partner_1,"Have you ever spoken to your conversation partner before, prior to talking to them on the video chat today?",none,multiple choice,single answer vertical,text box,"Yes, No",
know_partner_1,Have you ever spoken to your conversation partner prior to talking to them today?,none,multiple choice,single answer vertical,text box,"Yes, No",
how_know_partner,Please briefly describe how you and your conversation partner knew each other before your conversation today.,none,text entry,text box,none,none,
realtime,If matched in real time.,,,,,,
did,Enter your group number (the number on the card you were given) using the dropdown menu below:,none,text entry,slider,none,none,
guided,Some people were given a list of questions to help guide their conversation. Were you given a list of questions to help guide your conversation today?,none,multiple choice,single answer vertical,text box,"Yes, No",
age,What is your age? ( Please enter a whole number. ),none,text entry,slider,none,none,
conversation_count_past24,"In the past 24 hours , how many conversations have you had? Please take a moment to count them as accurately as possible. (Please enter your answer as a whole number)",none,text entry,slider,none,none,
conversation_hours_past24,"In the past 24 hours , how many hours did you spend having conversations? (Please enter your answer as a number)",none,text entry,slider,none,none,
convo_who_family,"Who were your conversations with? In other words, what percentage of your conversations were with each of the following people (e.g., if half your conversations were with family and the other half were with work colleagues, then enter the number 50 in the Family box and 50 in the Work Colleagues box below) (Your total must add up to 100%)",none,constant sum,number entry,text box,"Family, Romantic Partner, Friends, Work Colleagues, Other",
convo_who_romantic_partner,"Who were your conversations with? In other words, what percentage of your conversations were with each of the following people (e.g., if half your conversations were with family and the other half were with work colleagues, then enter the number 50 in the Family box and 50 in the Work Colleagues box below) (Your total must add up to 100%)",none,constant sum,number entry,text box,"Family, Romantic Partner, Friends, Work Colleagues, Other",
convo_who_friends,"Who were your conversations with? In other words, what percentage of your conversations were with each of the following people (e.g., if half your conversations were with family and the other half were with work colleagues, then enter the number  50 in the Family box and 50 in the Work Colleagues box below) (Your total must add up to 100%)",none,constant sum,number entry,text box,"Family, Romantic Partner, Friends, Work Colleagues, Other",
convo_who_work_colleagues,"Who were your conversations with? In other words, what percentage of your conversations were with each of the following people (e.g., if half your conversations were with family and the other half were with work colleagues, then enter the number 50 in the Family box and 50 in the Work Colleagues box below) (Your total must add up to 100%)",none,constant sum,number entry,text box,"Family, Romantic Partner, Friends, Work Colleagues, Other",
convo_who_other,"Who were your conversations with? In other words, what percentage of your conversations were with each of the following people (e.g., if half your conversations were with family and the other half were with work colleagues, then enter the number 50 in the Family box and 50 in the Work Colleagues box below) (Your total must add up to 100%)",none,constant sum,number entry,text box,"Family, Romantic Partner, Friends, Work Colleagues, Other",
convo_format_in_person,"What format did your conversations take? To answer, please tell us what percentage of your conversations were in each of the following formats (e.g., if 100% of your conversations were in person, enter the number 100 in the In Person box below)(Your total must add up to 100%)",none,constant sum,number entry,text box,"In Person, Video Chat (FaceTime, Skype, Zoom, etc), Phone Call, Text, Other",
convo_format_video_chat,"What format did your conversations take? To answer, please tell us what percentage of your conversations were in each of the following formats (e.g., if 100% of your conversations were in person, enter the number 100 in the In Person box below)(Your total must add up to 100%)",none,constant sum,number entry,text box,"In Person, Video Chat (FaceTime, Skype, Zoom, etc), Phone Call, Text, Other",
convo_format_phone_call,"What format did your conversations take? To answer, please tell us what percentage of your conversations were in each of the following formats (e.g., if 100% of your conversations were in person, enter the number 100 in the In Person box below)(Your total must add up to 100%)",none,constant sum,number entry,text box,"In Person, Video Chat (FaceTime, Skype, Zoom, etc), Phone Call, Text, Other",
convo_format_text,"What format did your conversations take? To answer, please tell us what percentage of your conversations were in each of the following formats (e.g., if 100% of your conversations were in person, enter the number 100 in the In Person box below)(Your total must add up to 100%)",none,constant sum,number entry,text box,"In Person, Video Chat (FaceTime, Skype, Zoom, etc), Phone Call, Text, Other",
convo_format_other,"What format did your conversations take? To answer, please tell us what percentage of your conversations were in each of the following formats (e.g., if 100% of your conversations were in person, enter the number 100 in the In Person box below)(Your total must add up to 100%)",none,constant sum,number entry,text box,"In Person, Video Chat (FaceTime, Skype, Zoom, etc), Phone Call, Text, Other",
my_isolation_pre_covid,"Prior to the Covid-19 outbreak, how socially isolated did you feel?",none,multiple choice,single answer horizontal,text box,"1 - Not at All, 2, 3, 4, 5, 6, 7 - Extremely",
my_isolation_post_covid,"SINCE the Covid-19 outbreak, how socially isolated have you felt?",none,multiple choice,single answer horizontal,text box,"1 - Not at All, 2, 3, 4, 5, 6, 7 - Extremely",
my_stress_pre_covid,"Prior to the Covid-19 outbreak, to what extent were you feeling...","stressed or anxious, distracted, sadness",matrix table,likert,single answer question,"1 - Not at All, 2, 3, 4, 5, 6, 7 - Extremely",
my_distracted_pre_covid,"Prior to the Covid-19 outbreak, to what extent were you feeling...","stressed or anxious, distracted, sadness",matrix table,likert,single answer question,"1 - Not at All, 2, 3, 4, 5, 6, 7 - Extremely",
my_sad_pre_covid,"Prior to the Covid-19 outbreak, to what extent were you feeling...","stressed or anxious, distracted, sadness",matrix table,likert,single answer question,"1 - Not at All, 2, 3, 4, 5, 6, 7 - Extremely",
my_stress_post_covid,"SINCE the Covid-19 outbreak, to what extent have you been feeling...","stressed or anxious, distracted, sadness",matrix table,likert,single answer question,"1 - Not at All, 2, 3, 4, 5, 6, 7 - Extremely",
my_distracted_post_covid,"SINCE the Covid-19 outbreak, to what extent have you been feeling...","stressed or anxious, distracted, sadness",matrix table,likert,single answer question,"1 - Not at All, 2, 3, 4, 5, 6, 7 - Extremely",
my_sad_post_covid,"SINCE the Covid-19 outbreak, to what extent have you been feeling...","stressed or anxious, distracted, sadness",matrix table,likert,single answer question,"1 - Not at All, 2, 3, 4, 5, 6, 7 - Extremely",
my_sad_post_covid,"SINCE the Covid-19 outbreak, to what extent have you been feeling...","stressed or anxious, distracted, sadness",matrix table,likert,single answer question,"1 - Not at All, 2, 3, 4, 5, 6, 7 - Extremely",
n_living_with_me_pre_covid,"Prior to the Covid-19 outbreak, how many people were living with you (not including yourself)?",none,text entry,slider,none,none,
n_living_with_me_post_covid,How many people are living with you right now (not including yourself)?,none,text entry,slider,none,none,
am_i_sheltering_in_place_now,"Are you currently staying at home most or all of the time, due to the Covid-19 pandemic (i.e. ""sheltering in place"")?",none,multiple choice,single answer vertical,text box,"No, Yes",
how_long_shelter_in_place,Approximately how long have you been sheltering in place?,none,multiple choice,single answer vertical,text box,"Less than 1 week, 1-2 weeks, 3-4 weeks, A month or more",
i_lack_companionship,How often do you feel that you lack companionship?,none,multiple choice,single answer vertical,text box,"Hardly ever, Some of the time, Often",
i_feel_left_out,How o ften do you feel left out?,none,multiple choice,single answer vertical,text box,"Hardly ever, Some of the time, Often",
i_feel_isolated,How often do you feel isolated from others?,none,multiple choice,single answer vertical,text box,"Hardly ever, Some of the time, Often",
shared_reality,Please rate your agreement with the following statements about you and your conversation partner: During our interaction....,"We thought of things at the exact same time., We developed a joint perspective., We shared the same thoughts and feelings about things., The things we discussed felt very real., The way we thought became more similar., We often anticipated what the other was about to say., We became more certain of the way we perceived things., We saw the world in the same way.",matrix table,likert,single answer question,"1 - Strongly disagree, 2, 3, 4, 5, 6, 7 - Strongly agree",
responsive,My conversation partner understood me.,none,multiple choice,single answer horizontal,text box,"Strongly disagree, Disagree, Somewhat disagree, Neither agree nor disagree, Somewhat agree, Agree, Strongly agree",
my_loneliness,How often do you feel that you lack companionship?,none,multiple choice,single answer vertical,text box,"Hardly ever, Some of the time, Often",
your_loneliness,How often do you guess that your conversation partner lacks companionship in everyday life?,none,multiple choice,single answer vertical,text box,"Hardly ever, Some of the time, Often",
RMET_score,"In this task, you will see a series of pictures depicting only the eye region of different faces. For each set of eyes, select which word best describes what the person in the picture is thinking or feeling. You may feel that more than one word is applicable, but please choose just one word - the word which you consider to be most suitable. Before making your choice, make sure that you have read all 4 words. You should try to do the task as quickly as possible, but you will not be timed. If you really dont know what a word means, you can look it up.",none,descriptive block,text box,none,none,
IRI_PT_score,The following statements ask about your thoughts and feelings in a variety of situations. Read each statement carefully. Answer as honestly as you can.,"I often have tender, concerned feelings for people less fortunate than me., I sometimes find it difficult to see things from the ""other guy\s"" point of view., ""Sometimes I dont feel very sorry for other people when they are having problems."", ""I try to look at everybodys side of a disagreement before I make a decision."", When I see someone being taken advantage of, I feel kind of protective towards them., I sometimes try to understand my friends better by imagining how things look from their perspective., ""Other peoples misfortunes do not usually disturb me a great deal."", ""If Im sure Im right about something, I dont waste much time listening to other peoples arguments."", ""When I see someone being treated unfairly, I sometimes dont feel very much pity for them."", I am often quite touched by things that I see happen., I believe that there are two sides to every question and try to look at them both., I would describe myself as a pretty soft-hearted person., When I\m upset at someone, I usually try to ""put myself in his shoes"" for a while., Before criticizing somebody, I try to imagine how I would feel if I were in their place.",matrix table,likert,single answer question,"0 - Does not describe me at all, 1 - Does not describe me, 2 - Describes me somewhat, 3 - Describes me well, 4 - Describes me very well",
IRI_EC_score,The following statements ask about your thoughts and feelings in a variety of situations. Read each statement carefully. Answer as honestly as you can.,"I often have tender, concerned feelings for people less fortunate than me., I sometimes find it difficult to see things from the ""other guy\s"" point of view., ""Sometimes I dont feel very sorry for other people when they are having problems."", ""I try to look at everybodys side of a disagreement before I make a decision."", When I see someone being taken advantage of, I feel kind of protective towards them., I sometimes try to understand my friends better by imagining how things look from their perspective., ""Other peoples misfortunes do not usually disturb me a great deal."", ""If Im sure Im right about something, I dont waste much time listening to other peoples arguments."", ""When I see someone being treated unfairly, I sometimes dont feel very much pity for them."", I am often quite touched by things that I see happen., I believe that there are two sides to every question and try to look at them both., I would describe myself as a pretty soft-hearted person., When I\m upset at someone, I usually try to ""put myself in his shoes"" for a while., Before criticizing somebody, I try to imagine how I would feel if I were in their place.",matrix table,likert,single answer question,"0 - Does not describe me at all, 1 - Does not describe me, 2 - Describes me somewhat, 3 - Describes me well, 4 - Describes me very well",
AQ_social_skill_score,Read each of the following statements very carefully and state how strongly you agree or disagree with it.,"I prefer to do things with others rather than on my own., I find social situations easy., I would rather go to a library than a party., I find myself drawn more strongly to people than to things., I find it hard to make new friends., I find it easy to work out what someone is thinking or feeling just by looking at their face., I enjoy social occasions., ""I find it difficult to work out peoples intentions."", I enjoy meeting new people., I am a good diplomat., ""Other people frequently tell me that what Ive said is impolite, even though I think it is polite."", I enjoy social chit-chat., ""When I talk, it isnt always easy for others to get a word in edgeways."", ""I frequently find that I dont know how to keep a conversation going."", I find it easy to ""read between the lines"" when someone is talking to me., I know how to tell if someone listening to me is getting bored., ""When I talk on the phone, Im not sure when its my turn to speak."", I am often the last to understand the point of a joke., I am good at social chit-chat., People often tell me that I keep going on and on about the same thing.",matrix table,likert,single answer question,"Definitely agree, Slightly agree, Slightly disagree, Definitely disagree",
AQ_communication_score,Read each of the following statements very carefully and state how strongly you agree or disagree with it.,"I prefer to do things with others rather than on my own., I find social situations easy., I would rather go to a library than a party., I find myself drawn more strongly to people than to things., I find it hard to make new friends., I find it easy to work out what someone is thinking or feeling just by looking at their face., I enjoy social occasions., ""I find it difficult to work out peoples intentions."", I enjoy meeting new people., I am a good diplomat., ""Other people frequently tell me that what Ive said is impolite, even though I think it is polite."", I enjoy social chit-chat., ""When I talk, it isnt always easy for others to get a word in edgeways."", ""I frequently find that I dont know how to keep a conversation going."", I find it easy to ""read between the lines"" when someone is talking to me., I know how to tell if someone listening to me is getting bored., ""When I talk on the phone, Im not sure when its my turn to speak."", I am often the last to understand the point of a joke., I am good at social chit-chat., People often tell me that I keep going on and on about the same thing.",matrix table,likert,single answer question,"Definitely agree, Slightly agree, Slightly disagree, Definitely disagree",
BFNE_score,Read each of the following statements carefully and indicate how characteristic it is of you according to the following scale.,"I worry about what other people will think of me even when I know it doesn make any difference., It bothers me when people form an unfavorable impression of me., I am frequently afraid of other people noticing my shortcomings., I worry about what kind of impression I make on people., I am afraid that others will not approve of me., I am afraid that people will find fault with me., I am concerned about other people opinions of me., When I am talking to someone, I worry about what they may be thinking about me., I am usually worried about what kind of impression I make., If I know someone is judging me, it tends to bother me., Sometimes I think I am too concerned with what other people think of me., I often worry that I will say or do wrong things.",matrix table,likert,single answer question,"Not at all characteristic of me, Slightly characteristic of me, Moderately characteristic of me, Very characteristic of me, Extremely characteristic of me",
my_extraversion,I am someone who...,"tends to be quiet, is compassionate, has a soft heart, tends to be disorganized, worries a lot, is fascinated by art, music, or literature, is dominant, acts as a leader, is sometimes rude to others, has difficulty getting started on tasks, tends to feel depressed, blue, has little interest in abstract ideas, is full of energy, assumes the best about people, is reliable, can always be counted on, is emotionally stable, not easily upset, is original, comes up with new ideas",matrix table,likert,single answer question,"1 - Disagree strongly, 2 - Disagree a little, 3 - Neutral; no opinion, 4 - Agree a little, 5 - Agree strongly",
my_agreeable,I am someone who...,"tends to be quiet, is compassionate, has a soft heart, tends to be disorganized, worries a lot, is fascinated by art, music, or literature, is dominant, acts as a leader, is sometimes rude to others, has difficulty getting started on tasks, tends to feel depressed, blue, has little interest in abstract ideas, is full of energy, assumes the best about people, is reliable, can always be counted on, is emotionally stable, not easily upset, is original, comes up with new ideas",matrix table,likert,single answer question,"1 - Disagree strongly, 2 - Disagree a little, 3 - Neutral; no opinion, 4 - Agree a little, 5 - Agree strongly",
my_conscientious,I am someone who...,"tends to be quiet, is compassionate, has a soft heart, tends to be disorganized, worries a lot, is fascinated by art, music, or literature, is dominant, acts as a leader, is sometimes rude to others, has difficulty getting started on tasks, tends to feel depressed, blue, has little interest in abstract ideas, is full of energy, assumes the best about people, is reliable, can always be counted on, is emotionally stable, not easily upset, is original, comes up with new ideas",matrix table,likert,single answer question,"1 - Disagree strongly, 2 - Disagree a little, 3 - Neutral; no opinion, 4 - Agree a little, 5 - Agree strongly",
my_neurotic,I am someone who...,"tends to be quiet, is compassionate, has a soft heart, tends to be disorganized, worries a lot, is fascinated by art, music, or literature, is dominant, acts as a leader, is sometimes rude to others, has difficulty getting started on tasks, tends to feel depressed, blue, has little interest in abstract ideas, is full of energy, assumes the best about people, is reliable, can always be counted on, is emotionally stable, not easily upset, is original, comes up with new ideas",matrix table,likert,single answer question,"1 - Disagree strongly, 2 - Disagree a little, 3 - Neutral; no opinion, 4 - Agree a little, 5 - Agree strongly",
my_open,I am someone who...,"tends to be quiet, is compassionate, has a soft heart, tends to be disorganized, worries a lot, is fascinated by art, music, or literature, is dominant, acts as a leader, is sometimes rude to others, has difficulty getting started on tasks, tends to feel depressed, blue, has little interest in abstract ideas, is full of energy, assumes the best about people, is reliable, can always be counted on, is emotionally stable, not easily upset, is original, comes up with new ideas",matrix table,likert,single answer question,"1 - Disagree strongly, 2 - Disagree a little, 3 - Neutral; no opinion, 4 - Agree a little, 5 - Agree strongly",
your_extraversion,"Now, please tell us where you think your conversation partner falls on these items. My conversation partner is...","tends to be quiet, is compassionate, has a soft heart, tends to be disorganized, worries a lot, is fascinated by art, music, or literature, is dominant, acts as a leader, is sometimes rude to others, has difficulty getting started on tasks, tends to feel depressed, blue, has little interest in abstract ideas, is full of energy, assumes the best about people, is reliable, can always be counted on, is emotionally stable, not easily upset, is original, comes up with new ideas",matrix table,likert,single answer question,"1 - Disagree strongly, 2 - Disagree a little, 3 - Neutral; no opinion, 4 - Agree a little, 5 - Agree strongly",
your_agreeable,"Now, please tell us where you think your conversation partner falls on these items. My conversation partner is...","tends to be quiet, is compassionate, has a soft heart, tends to be disorganized, worries a lot, is fascinated by art, music, or literature, is dominant, acts as a leader, is sometimes rude to others, has difficulty getting started on tasks, tends to feel depressed, blue, has little interest in abstract ideas, is full of energy, assumes the best about people, is reliable, can always be counted on, is emotionally stable, not easily upset, is original, comes up with new ideas",matrix table,likert,single answer question,"1 - Disagree strongly, 2 - Disagree a little, 3 - Neutral; no opinion, 4 - Agree a little, 5 - Agree strongly",
your_conscientious,"Now, please tell us where you think your conversation partner falls on these items. My conversation partner is...","tends to be quiet, is compassionate, has a soft heart, tends to be disorganized, worries a lot, is fascinated by art, music, or literature, is dominant, acts as a leader, is sometimes rude to others, has difficulty getting started on tasks, tends to feel depressed, blue, has little interest in abstract ideas, is full of energy, assumes the best about people, is reliable, can always be counted on, is emotionally stable, not easily upset, is original, comes up with new ideas",matrix table,likert,single answer question,"1 - Disagree strongly, 2 - Disagree a little, 3 - Neutral; no opinion, 4 - Agree a little, 5 - Agree strongly",
your_neurotic,"Now, please tell us where you think your conversation partner falls on these items. My conversation partner is...","tends to be quiet, is compassionate, has a soft heart, tends to be disorganized, worries a lot, is fascinated by art, music, or literature, is dominant, acts as a leader, is sometimes rude to others, has difficulty getting started on tasks, tends to feel depressed, blue, has little interest in abstract ideas, is full of energy, assumes the best about people, is reliable, can always be counted on, is emotionally stable, not easily upset, is original, comes up with new ideas",matrix table,likert,single answer question,"1 - Disagree strongly, 2 - Disagree a little, 3 - Neutral; no opinion, 4 - Agree a little, 5 - Agree strongly",
your_open,"Now, please tell us where you think your conversation partner falls on these items. My conversation partner is...","tends to be quiet, is compassionate, has a soft heart, tends to be disorganized, worries a lot, is fascinated by art, music, or literature, is dominant, acts as a leader, is sometimes rude to others, has difficulty getting started on tasks, tends to feel depressed, blue, has little interest in abstract ideas, is full of energy, assumes the best about people, is reliable, can always be counted on, is emotionally stable, not easily upset, is original, comes up with new ideas",matrix table,likert,single answer question,"1 - Disagree strongly, 2 - Disagree a little, 3 - Neutral; no opinion, 4 - Agree a little, 5 - Agree strongly",
who_i_talked_to_most_past24,"Who were your conversations with? In other words, what percentage of your conversations were with each of the following people (e.g., if half your conversations were with family and the other half were with work colleagues, then enter the number 50 in the Family box and 50 in the Work Colleagues box below) (Your total must add up to 100%)",none,constant sum,number entry,text box,"Family, Romantic Partner, Friends, Work Colleagues, Other",
most_common_format_past24,"What format did your conversations take? To answer, please tell us what percentage of your conversations were in each of the following formats (e.g., if 100% of your conversations were in person, enter the number 100 in the In Person box below)(Your total must add up to 100%)",none,constant sum,number entry,text box,"In Person, Video Chat (FaceTime, Skype, Zoom, etc), Phone Call, Text, Other",